


use master;
Go
create database Task2;
Go


CREATE TABLE Farmers (
    FarmerID INT PRIMARY KEY,
    FullName NVARCHAR(100) NOT NULL,
    Phone NVARCHAR(20),
    City NVARCHAR(50)
);


CREATE TABLE Fields (
    FieldID INT PRIMARY KEY,
    Location NVARCHAR(100),
    AreaSize DECIMAL(10, 2), 
    SoilType NVARCHAR(50),
    FarmerID INT, 
    FOREIGN KEY (FarmerID) REFERENCES Farmers(FarmerID)
);



CREATE TABLE Crops (
    CropID INT PRIMARY KEY,
    CropName NVARCHAR(50) NOT NULL,
    Season NVARCHAR(20), 
    GrowthPeriod INT 
);



CREATE TABLE Field_Planting (
    PlantingID INT PRIMARY KEY,
    FieldID INT,
    CropID INT,
    PlantingDate DATE,
    ExpectedHarvestDate DATE,
    FOREIGN KEY (FieldID) REFERENCES Fields(FieldID),
    FOREIGN KEY (CropID) REFERENCES Crops(CropID)
);



INSERT INTO Farmers (FarmerID, FullName, Phone, City) VALUES
(1, N'أحمد محمد علي', '01012345678', N'المنصورة'),
(2, N'محمود حسن سليم', '01198765432', N'طنطا'),
(3, N'إبراهيم سعيد', '01223344556', N'دمنهور'),
(4, N'صلاح عبد الله', '01556677889', N'الزقازيق'), 
(5, N'محمد فاروق', '01009988776', N'بنها'),
(6, N'علي جابر', '01112223334', N'كفر الشيخ'),
(7, N'مصطفى محمود', '01288877766', N'المحلة الكبرى'), 
(8, N'حسن إبراهيم', '01500011122', N'المنوفية'),
(9, N'سعيد حامد', '01066554433', N'الفيوم'),
(10, N'عبد الرحمن طه', '01144332211', N'بني سويف'),
(11, N'ياسر عرفات', '01211111111', N'سوهاج'),
(12, N'هشام قنديل', '01022222222', N'المنيا'),
(13, N'فتحي مبروك', '01133333333', N'أسيوط'),
(14, N'عماد متعب', '01244444444', N'الشرقية'),
(15, N'طارق السيد', '01555555555', N'الغربية'),
(16, N'وائل جمعة', '01066666666', N'المحلة'),
(17, N'حسام حسن', '01177777777', N'بورسعيد'),
(18, N'عصام الحضري', '01288888888', N'دمياط'),
(19, N'أحمد حسن', '01599999999', N'الإسماعيلية'),
(20, N'مجدي عبد الغني', '01000000000', N'القاهرة'),
(21, N'خالد بيبو', '01011122233', N'الأسكندرية'),
(22, N'محمد بركات', '01122233344', N'الإسماعيلية'), 
(23, N'أبو تريكة', '01233344455', N'الجيزة'), 
(24, N'شادي محمد', '01544455566', N'المنصورة'),
(25, N'جمعة مشهور', '01055566677', N'السويس'),
(26, N'محمد صبحي', '01166677788', N'الأسماعيلية'),
(27, N'سيد معوض', '01277788899', N'الفيوم'),
(28, N'أحمد فتحي', '01588899900', N'بنها'), 
(29, N'حسام غالي', '01099900011', N'بيلا'),
(30, N'عبد الله السعيد', '01100011122', N'الأسماعيلية'),
(31, N'عمرو جمال', '01211122233', N'نجع حمادي'), 
(32, N'مؤمن زكريا', '01522233344', N'سوهاج'),
(33, N'وليد سليمان', '01033344455', N'المنيا'), 
(34, N'رامي ربيعة', '01144455566', N'القاهرة'), 
(35, N'محمد الشناوي', '01255566677', N'الحامول'),
(36, N'أيمن أشرف', '01566677788', N'دمياط'), 
(37, N'ياسر إبراهيم', '01077788899', N'المنصورة'), 
(38, N'محمد هاني', '01188899900', N'القاهرة'),
(39, N'عمرو السولية', '01299900011', N'منية سمنود'),
(40, N'حمدي فتحي', '01500011122', N'البحيرة'),
(41, N'أفشة', '01011133355', N'الجيزة'),
(42, N'محمد شريف', '01122244466', N'القاهرة'), 
(43, N'حسين الشحات', '01233355577', N'القاهرة'),
(44, N'كهربا', '01544466688', N'القاهرة'), 
(45, N'علي معلول', '01055577799', N'تونس'),
(46, N'أليو ديانج', '01166688800', N'مالي'), 
(47, N'بدر بانون', '01277799911', N'المغرب'),
(48, N'بيرسي تاو', '01588800022', N'جنوب أفريقيا'),
(49, N'ميكيسوني', '01099911133', N'موزمبيق'),
(50, N'محمد عبد المنعم', '01100022244', N'الزقازيق');


INSERT INTO Fields (FieldID, Location, AreaSize, SoilType, FarmerID) VALUES
(101, N'زمام البحيرة', 5.5, N'طينية', 1), 
(102, N'شرق طنطا', 10.0, N'طينية ثقيلة', 2), 
(103, N'جنوب دمنهور', 3.2, N'رملية', 3), 
(104, N'طريق بلبيس', 7.0, N'صفراء', 4), 
(105, N'بنها القليوبية', 4.5, N'طينية', 5),
(106, N'سيدي سالم', 12.0, N'طينية', 6),
(107, N'المحلة الشمالية', 8.0, N'طينية', 7),
(108, N'أشمون منوفية', 6.5, N'صفراء', 8),
(109, N'إبشواي الفيوم', 20.0, N'رملية خفيفة', 9),
(110, N'بني سويف ناصر', 15.0, N'طينية', 10),
(111, N'حوض الـ 50', 3.0, N'رملية', 11),
(112, N'أرض الجبل', 25.0, N'صحراوية', 12),
(113, N'شرق النيل', 18.0, N'طينية', 13),
(114, N'غرب الزقازيق', 9.0, N'طينية', 14),
(115, N'قطعة بحري', 6.0, N'صفراء', 15),
(116, N'زمام ميت غمر', 11.5, N'طينية', 16),
(117, N'منطقة القناة', 14.0, N'رملية', 17),
(118, N'حوض الزهور', 4.5, N'طينية', 18),
(119, N'شرق الإسماعيلية', 30.0, N'رملية خفيفة', 19),
(120, N'حلوان القديمة', 2.0, N'طينية', 20),
(121, N'السيوف أليكس', 4.0, N'رملية', 21),
(122, N'التل الكبير', 50.0, N'رملية', 22),
(123, N'أوسيم جيزة', 8.5, N'طينية', 23), 
(124, N'السنبلاوين', 14.0, N'طينية', 24),
(125, N'بورتوفيق', 5.0, N'رملية', 25),
(126, N'نفيشة', 12.5, N'رملية', 26),
(127, N'طامية الفيوم', 16.0, N'صفراء', 27), 
(128, N'قليوب المحطة', 7.5, N'طينية', 28),
(129, N'مركز بيلا', 22.0, N'طينية', 29),
(130, N'أبو صوير', 35.0, N'رملية خفيفة', 30),
(131, N'شرق الحمادي', 13.0, N'صحراوية', 31),
(132, N'جرجا سوهاج', 9.5, N'طينية', 32),
(133, N'مغاغة', 28.0, N'صحراوية', 33),
(134, N'المعادي خبيرة', 3.0, N'طينية', 34),
(135, N'بلطيم الجديدة', 40.0, N'رملية', 35),
(136, N'كفر البطيخ', 11.0, N'طينية', 36),
(137, N'طلخا القديمة', 6.0, N'طينية', 37), 
(138, N'حلوان الريفية', 5.5, N'طينية', 38), 
(139, N'أجا الدقهلية', 19.0, N'طينية ثقيلة', 39), 
(140, N'إدكو بحيرة', 45.0, N'رملية', 40),
(141, N'منشأة ناصر', 2.5, N'طينية', 41),
(142, N'شبرا الخيمة', 1.5, N'طينية', 42),
(143, N'المرج الجديدة', 2.0, N'طينية', 43),
(144, N'الخانكة', 10.0, N'صفراء', 44),
(145, N'سوسة تونس', 60.0, N'صفراء', 45),
(146, N'باماكو', 100.0, N'طينية', 46), 
(147, N'الدار البيضاء', 15.0, N'صفراء', 47), 
(148, N'جوهانسبرج', 80.0, N'صحراوية', 48),
(149, N'مابوتو', 55.0, N'رملية', 49),
(150, N'ههيا شرقية', 17.5, N'طينية', 50);


INSERT INTO Crops (CropID, CropName, Season, GrowthPeriod) VALUES
(1, N'قمح', N'شتوي', 160),
(2, N'ذرة', N'صيفي', 120),
(3, N'أرز', N'صيفي', 150),
(4, N'برسيم', N'شتوي', 90),
(5, N'قطن', N'صيفي', 180),
(6, N'بطاطس', N'شتوي', 110),
(7, N'طماطم', N'صيفي', 100),
(8, N'بصل', N'شتوي', 140),
(9, N'فراولة', N'شتوي', 130), 
(10, N'قصب سكر', N'سنوي', 360),
(11, N'خيار', N'صيفي', 60),
(12, N'باذنجان', N'صيفي', 90),
(13, N'ثوم', N'شتوي', 150), 
(14, N'فاصوليا', N'صيفي', 80),
(15, N'عدس', N'شتوي', 120),
(16, N'مانجو', N'صيفي', 180),
(17, N'برتقال', N'شتوي', 210),
(18, N'عنب', N'صيفي', 150),
(19, N'موز', N'سنوي', 360), 
(20, N'بطيخ', N'صيفي', 100),
(21, N'فلفل', N'صيفي', 90),
(22, N'كوسة', N'صيفي', 50), 
(23, N'كرنب', N'شتوي', 100), 
(24, N'قرنبيط', N'شتوي', 110),
(25, N'سبانخ', N'شتوي', 60),
(26, N'ملوخية', N'صيفي', 45),
(27, N'بامية', N'صيفي', 120),
(28, N'بنجر سكر', N'شتوي', 180),
(29, N'فول بلدي', N'شتوي', 150), 
(30, N'فول سوداني', N'صيفي', 140),
(31, N'سمسم', N'صيفي', 110), 
(32, N'عباد شمس', N'صيفي', 90), 
(33, N'صويا', N'صيفي', 120),
(34, N'نخل بلح', N'سنوي', 360),
(35, N'تفاح', N'شتوي', 200),
(36, N'كمثرى', N'شتوي', 190), 
(37, N'خوخ', N'صيفي', 120),
(38, N'مشمش', N'صيفي', 100),
(39, N'برقوق', N'صيفي', 110),
(40, N'رمان', N'صيفي', 150),
(41, N'تين', N'صيفي', 120), 
(42, N'زيتون', N'سنوي', 360), 
(43, N'ليمون', N'سنوي', 360),
(44, N'جوافة', N'صيفي', 140),
(45, N'خرشوف', N'شتوي', 180),
(46, N'خس', N'شتوي', 70), 
(47, N'فجل', N'شتوي', 40),
(48, N'جرجير', N'شتوي', 30), 
(49, N'بقدونس', N'شتوي', 50),
(50, N'نعناع', N'سنوي', 360);


INSERT INTO Field_Planting (PlantingID, FieldID, CropID, PlantingDate, ExpectedHarvestDate) VALUES
(501, 101, 1, '2025-11-01', '2026-04-10'),
(502, 102, 1, '2025-11-05', '2026-04-15'),
(503, 103, 6, '2025-10-15', '2026-02-05'),
(504, 104, 4, '2025-12-01', '2026-03-01'),
(505, 105, 13, '2025-11-10', '2026-04-10'),
(506, 106, 1, '2025-11-15', '2026-04-20'),
(507, 107, 1, '2025-11-20', '2026-04-25'),
(508, 108, 4, '2025-12-05', '2026-03-05'),
(509, 109, 9, '2025-10-15', '2026-02-25'),
(510, 110, 1, '2025-11-25', '2026-05-01'),
(511, 111, 8, '2025-10-01', '2026-02-15'),
(512, 112, 1, '2025-11-05', '2026-04-10'),
(513, 113, 13, '2025-11-12', '2026-04-12'),
(514, 114, 4, '2025-12-10', '2026-03-10'),
(515, 115, 8, '2025-11-01', '2026-03-20'),
(516, 116, 1, '2025-11-15', '2026-04-20'),
(517, 117, 15, '2025-11-01', '2026-03-01'),
(518, 118, 1, '2025-11-20', '2026-04-25'),
(519, 119, 15, '2025-11-05', '2026-03-05'),
(520, 120, 4, '2025-12-15', '2026-03-15'),
(521, 101, 2, '2026-05-01', '2026-08-30'),
(522, 102, 3, '2026-05-15', '2026-10-10'),
(523, 103, 7, '2026-04-01', '2026-07-10'),
(524, 104, 2, '2026-05-10', '2026-09-10'),
(525, 105, 3, '2026-05-20', '2026-10-15'),
(526, 106, 5, '2026-04-15', '2026-10-15'),
(527, 107, 2, '2026-05-05', '2026-09-05'),
(528, 108, 11, '2026-04-01', '2026-06-01'),
(529, 109, 2, '2026-05-01', '2026-08-30'),
(530, 110, 3, '2026-05-15', '2026-10-10'),
(531, 111, 7, '2026-04-10', '2026-07-20'),
(532, 112, 14, '2026-05-01', '2026-07-20'),
(533, 113, 2, '2026-05-10', '2026-09-10'),
(534, 114, 3, '2026-05-20', '2026-10-15'),
(535, 115, 11, '2026-04-05', '2026-06-05'),
(536, 116, 5, '2026-04-20', '2026-10-20'),
(537, 117, 14, '2026-05-05', '2026-07-25'),
(538, 118, 7, '2026-04-15', '2026-07-15'),
(539, 119, 12, '2026-05-01', '2026-08-01'),
(540, 120, 11, '2026-04-10', '2026-06-10'),
(541, 101, 10, '2025-06-01', '2026-06-01'),
(542, 106, 10, '2025-07-01', '2026-07-01'),
(543, 113, 10, '2025-08-01', '2026-08-01'),
(544, 119, 5, '2026-04-10', '2026-10-10'),
(545, 112, 2, '2026-05-15', '2026-09-15');




SELECT F.FullName, Fi.Location, Fi.AreaSize
FROM Farmers F
JOIN Fields Fi ON F.FarmerID = Fi.FarmerID;

SELECT Fi.Location, C.CropName, P.PlantingDate, P.ExpectedHarvestDate
FROM Field_Planting P
JOIN Fields Fi ON P.FieldID = Fi.FieldID
JOIN Crops C ON P.CropID = C.CropID;

SELECT SoilType, SUM(AreaSize) AS TotalArea
FROM Fields
GROUP BY SoilType;

SELECT * FROM Farmers WHERE City = N'المنصورة';




DROP TABLE Field_Planting; 
DROP TABLE Fields;         
DROP TABLE Farmers;        
DROP TABLE Crops;         
